{
	"pack_name": "{maid_pack.zundamon_pro.name}",
	"model_list": [
		{
			"model_id": "zundamon_pro:zundamon",
			"is_gecko": true,
			"animation": ["zundamon_pro:animation/zundamon_pro.zundamon.zundamon.animation.json"],
			"render_entity_scale": 0.85,
			"use_sound_pack_id": "zundamon_pro"
		},
		{
			"model_id": "zundamon_pro:zundamon_wafuku",
			"is_gecko": true,
			"use_sound_pack_id": "zundamon_pro",
			"render_entity_scale": 0.85,
			"animation": ["zundamon_pro:animation/zundamon_pro.zundamon_wafuku.zundamon_wafuku.animation.json"]
		},
		{
			"model_id": "zundamon_pro:zundamon_maid",
			"is_gecko": true,
			"render_entity_scale": 0.85,
			"use_sound_pack_id": "zundamon_pro",
			"animation": ["zundamon_pro:animation/zundamon_pro.zundamon_maid.zundamon.animation.json"]
		},
		{
			"model_id": "zundamon_pro:zundamon_school",
			"is_gecko": true,
			"render_entity_scale": 0.85,
			"use_sound_pack_id": "zundamon_pro",
			"animation": ["zundamon_pro:animation/zundamon_pro.zundamon_school.zundamon_school.animation.json"]
		},
		{
			"model_id": "zundamon_pro:zundamon_ojyosama",
			"is_gecko": true,
			"render_entity_scale": 0.85,
			"use_sound_pack_id": "zundamon_pro",
			"animation": ["zundamon_pro:animation/zundamon_pro.zundamon_ojyosama.zundamon_ojyosama.animation.json"]
		}
	],
	"version": "1.0.2",
	"author": ["TohokuAlpha"],
	"date": "2026-01-03",
	"icon": "zundamon_pro:textures/maid_icon.png",
	"description": ["{maid_pack.zundamon_pro.desc}"]
}