{
  "iceandfire:iceandfire/root": {
    "criteria": {
      "tick": "2026-02-20 19:38:56 +0800"
    },
    "done": true
  },
  "nethervinery:crimson_apple_press": {
    "criteria": {
      "has_the_recipe": "2026-02-20 19:38:56 +0800"
    },
    "done": true
  },
  "nethervinery:warped_wine_rack_mid": {
    "criteria": {
      "has_the_recipe": "2026-02-20 19:38:56 +0800"
    },
    "done": true
  },
  "nethervinery:crimson_nether_bag": {
    "criteria": {
      "has_the_recipe": "2026-02-20 19:38:56 +0800"
    },
    "done": true
  },
  "nethervinery:warped_grapevine_pot": {
    "criteria": {
      "has_the_recipe": "2026-02-20 19:38:56 +0800"
    },
    "done": true
  },
  "biomeswevegone:biomeswevegone/root": {
    "criteria": {
      "tick": "2026-02-20 19:38:56 +0800"
    },
    "done": true
  },
  "nethervinery:warped_wine_rack_small": {
    "criteria": {
      "has_the_recipe": "2026-02-20 19:38:56 +0800"
    },
    "done": true
  },
  "youkaishomecoming:main/welcome_to_youkais_homecoming": {
    "criteria": {
      "0": "2026-02-20 19:38:56 +0800"
    },
    "done": true
  },
  "nethervinery:crested_crimson_planks": {
    "criteria": {
      "has_the_recipe": "2026-02-20 19:38:56 +0800"
    },
    "done": true
  },
  "nethervinery:obsidian_stem": {
    "criteria": {
      "has_the_recipe": "2026-02-20 19:38:56 +0800"
    },
    "done": true
  },
  "nethervinery:warped_grape_seeds": {
    "criteria": {
      "has_the_recipe": "2026-02-20 19:38:56 +0800"
    },
    "done": true
  },
  "eclipticseasons:main/base": {
    "criteria": {
      "tick": "2026-02-20 19:38:56 +0800"
    },
    "done": true
  },
  "immortalers_delight:root": {
    "criteria": {
      "root": "2026-02-20 19:38:56 +0800"
    },
    "done": true
  },
  "nethervinery:crested_warped_planks": {
    "criteria": {
      "has_the_recipe": "2026-02-20 19:38:56 +0800"
    },
    "done": true
  },
  "nethervinery:warped_apple_press": {
    "criteria": {
      "has_the_recipe": "2026-02-20 19:38:56 +0800"
    },
    "done": true
  },
  "nethervinery:crimson_wine_rack_small": {
    "criteria": {
      "has_the_recipe": "2026-02-20 19:38:56 +0800"
    },
    "done": true
  },
  "nethervinery:warped_fermentation_barrel": {
    "criteria": {
      "has_the_recipe": "2026-02-20 19:38:56 +0800"
    },
    "done": true
  },
  "eclipticseasons:main/quest": {
    "criteria": {
      "tick": "2026-02-20 19:38:56 +0800"
    },
    "done": true
  },
  "nethervinery:crimson_grape_crate": {
    "criteria": {
      "has_the_recipe": "2026-02-20 19:38:56 +0800"
    },
    "done": true
  },
  "nethervinery:improved_nether_fizz": {
    "criteria": {
      "has_the_recipe": "2026-02-20 19:38:56 +0800"
    },
    "done": true
  },
  "nethervinery:crimson_grape_seeds": {
    "criteria": {
      "has_the_recipe": "2026-02-20 19:38:56 +0800"
    },
    "done": true
  },
  "nethervinery:warped_grape_crate": {
    "criteria": {
      "has_the_recipe": "2026-02-20 19:38:56 +0800"
    },
    "done": true
  },
  "nethervinery:reinforced_crimson_planks": {
    "criteria": {
      "has_the_recipe": "2026-02-20 19:38:56 +0800"
    },
    "done": true
  },
  "nethervinery:crimson_fermentation_barrel": {
    "criteria": {
      "has_the_recipe": "2026-02-20 19:38:56 +0800"
    },
    "done": true
  },
  "nethervinery:warped_nether_bag": {
    "criteria": {
      "has_the_recipe": "2026-02-20 19:38:56 +0800"
    },
    "done": true
  },
  "nethervinery:crimson_grapevine_pot": {
    "criteria": {
      "has_the_recipe": "2026-02-20 19:38:56 +0800"
    },
    "done": true
  },
  "nethervinery:improved_lava_fizz": {
    "criteria": {
      "has_the_recipe": "2026-02-20 19:38:56 +0800"
    },
    "done": true
  },
  "nethervinery:reinforced_warped_planks": {
    "criteria": {
      "has_the_recipe": "2026-02-20 19:38:56 +0800"
    },
    "done": true
  },
  "nethervinery:crimson_wine_rack_mid": {
    "criteria": {
      "has_the_recipe": "2026-02-20 19:38:56 +0800"
    },
    "done": true
  },
  "integrated_villages:integrated_villages_root": {
    "criteria": {
      "always": "2026-02-20 19:38:56 +0800"
    },
    "done": true
  },
  "biomeswevegone:biomeswevegone/adventure/oh_the_biomes_weve_gone": {
    "criteria": {
      "biomeswevegone:skyris_vale": "2026-02-20 19:39:36 +0800",
      "biomeswevegone:aspen_boreal": "2026-02-20 19:39:06 +0800"
    },
    "done": false
  },
  "biomeswevegone:biomeswevegone/adventure/root": {
    "criteria": {
      "biomeswevegone:aspen_boreal": "2026-02-20 19:39:06 +0800"
    },
    "done": true
  },
  "idas:idas_root": {
    "criteria": {
      "always": "2026-02-22 21:02:56 +0800"
    },
    "done": true
  },
  "the_bumblezone:root": {
    "criteria": {
      "instant_granted": "2026-02-22 21:02:56 +0800"
    },
    "done": true
  },
  "the_bumblezone:wiki": {
    "criteria": {
      "instant_granted": "2026-02-22 21:02:56 +0800"
    },
    "done": true
  },
  "lootr:root": {
    "criteria": {
      "always_true": "2026-02-22 21:02:56 +0800"
    },
    "done": true
  },
  "kaleidoscope_doll:doll/root": {
    "criteria": {
      "tick": "2026-02-22 21:02:56 +0800"
    },
    "done": true
  },
  "DataVersion": 3465
}