{
  "iceandfire:iceandfire/root": {
    "criteria": {
      "tick": "2026-02-22 20:30:06 +0800"
    },
    "done": true
  },
  "idas:idas_root": {
    "criteria": {
      "always": "2026-02-22 20:30:06 +0800"
    },
    "done": true
  },
  "totw_modded:root": {
    "criteria": {
      "sample_trigger": "2026-02-22 20:30:06 +0800"
    },
    "done": true
  },
  "biomeswevegone:biomeswevegone/root": {
    "criteria": {
      "tick": "2026-02-22 20:30:06 +0800"
    },
    "done": true
  },
  "silentsdelight:main/root": {
    "criteria": {
      "sculk": "2026-02-22 20:30:06 +0800"
    },
    "done": true
  },
  "youkaishomecoming:main/welcome_to_youkais_homecoming": {
    "criteria": {
      "0": "2026-02-22 20:30:06 +0800"
    },
    "done": true
  },
  "create_connected:root": {
    "criteria": {
      "0": "2026-02-22 20:30:06 +0800"
    },
    "done": true
  },
  "eclipticseasons:main/base": {
    "criteria": {
      "tick": "2026-02-22 20:30:06 +0800"
    },
    "done": true
  },
  "farmersdelight:main/root": {
    "criteria": {
      "seeds": "2026-02-22 20:30:06 +0800"
    },
    "done": true
  },
  "immortalers_delight:root": {
    "criteria": {
      "root": "2026-02-22 20:30:06 +0800"
    },
    "done": true
  },
  "the_bumblezone:root": {
    "criteria": {
      "instant_granted": "2026-02-22 20:30:06 +0800"
    },
    "done": true
  },
  "northstar:root": {
    "criteria": {
      "0": "2026-02-22 20:30:06 +0800"
    },
    "done": true
  },
  "create:root": {
    "criteria": {
      "0": "2026-02-22 20:30:06 +0800"
    },
    "done": true
  },
  "the_bumblezone:wiki": {
    "criteria": {
      "instant_granted": "2026-02-22 20:30:06 +0800"
    },
    "done": true
  },
  "eclipticseasons:main/quest": {
    "criteria": {
      "tick": "2026-02-22 20:30:06 +0800"
    },
    "done": true
  },
  "dungeonsdelight:main/root": {
    "criteria": {
      "seeds": "2026-02-22 20:30:06 +0800"
    },
    "done": true
  },
  "lootr:root": {
    "criteria": {
      "always_true": "2026-02-22 20:30:06 +0800"
    },
    "done": true
  },
  "minecraft:adventure/adventuring_time": {
    "criteria": {
      "minecraft:snowy_slopes": "2026-02-22 20:30:07 +0800"
    },
    "done": false
  },
  "vintageimprovements:root": {
    "criteria": {
      "0": "2026-02-22 20:30:06 +0800"
    },
    "done": true
  },
  "kaleidoscope_doll:doll/root": {
    "criteria": {
      "tick": "2026-02-22 20:30:06 +0800"
    },
    "done": true
  },
  "vintagedelight:main/root": {
    "criteria": {
      "salt": "2026-02-22 20:30:06 +0800"
    },
    "done": true
  },
  "the_bumblezone:biomes/discover_all_biomes": {
    "criteria": {
      "bumbling_beepartments": "2026-02-22 20:30:07 +0800"
    },
    "done": false
  },
  "vinery:main/root": {
    "criteria": {
      "seeds": "2026-02-22 20:30:06 +0800"
    },
    "done": true
  },
  "integrated_villages:integrated_villages_root": {
    "criteria": {
      "always": "2026-02-22 20:30:06 +0800"
    },
    "done": true
  },
  "DataVersion": 3465
}