{
	"format_version": "1.12.0",
	"minecraft:geometry": [
		{
			"description": {
				"identifier": "geometry.model",
				"texture_width": 128,
				"texture_height": 128,
				"visible_bounds_width": 8,
				"visible_bounds_height": 7,
				"visible_bounds_offset": [0, 1.5, 0]
			},
			"bones": [
				{
					"name": "MRoot",
					"pivot": [0, 0.5, 0]
				},
				{
					"name": "Root",
					"parent": "MRoot",
					"pivot": [0, 0.5, 0]
				},
				{
					"name": "MAllBody",
					"parent": "Root",
					"pivot": [0, 14.5, 0]
				},
				{
					"name": "AllBody",
					"parent": "MAllBody",
					"pivot": [0, 14.5, 0]
				},
				{
					"name": "MUpBody",
					"parent": "AllBody",
					"pivot": [0, 10.5, 0]
				},
				{
					"name": "UpBody",
					"parent": "MUpBody",
					"pivot": [0, 10.5, 0]
				},
				{
					"name": "MUpperBody",
					"parent": "UpBody",
					"pivot": [0, 13, 0]
				},
				{
					"name": "UpperBody",
					"parent": "MUpperBody",
					"pivot": [0, 13, 0],
					"cubes": [
						{"origin": [-3, 9.499, -2], "size": [6, 8.5, 4], "uv": [2, 34]},
						{"origin": [-3.5, 12.249, -2.5], "size": [7, 3, 5], "inflate": -0.35, "uv": [24, 0]}
					]
				},
				{
					"name": "AllHead",
					"parent": "UpperBody",
					"pivot": [0, 18, 0],
					"cubes": [
						{"origin": [-1.5, 17.999, -1.5], "size": [3, 1.5, 3], "uv": [0, 52]}
					]
				},
				{
					"name": "MHead",
					"parent": "AllHead",
					"pivot": [0, 18.75, 0]
				},
				{
					"name": "Head",
					"parent": "MHead",
					"pivot": [0, 18.75, 0],
					"cubes": [
						{"origin": [-4, 18.75, -4], "size": [8, 8, 8], "uv": [0, 0]},
						{"origin": [-4, 18.75, -4], "size": [8, 8, 8], "inflate": 0.25, "uv": [0, 16]},
						{"origin": [-3.5, 18.75, -0.5], "size": [1, 6, 1], "pivot": [-1.5, 26.75, 0], "rotation": [0, 0, 15], "uv": [28, 52]},
						{"origin": [2.5, 18.75, -0.5], "size": [1, 6, 1], "pivot": [1.5, 26.75, 0], "rotation": [0, 0, -15], "uv": [32, 52]}
					]
				},
				{
					"name": "bone1",
					"parent": "Head",
					"pivot": [4.25, 25.75, -1.25],
					"rotation": [34.31251, -7.9362, 85.5567],
					"cubes": [
						{"origin": [1.25, 25.75, -2.75], "size": [3, 0, 3], "pivot": [4.25, 25.75, -1.25], "rotation": [-20.94102, -40.78947, 30.36119], "uv": [89, 0]},
						{"origin": [2.75, 25.75, -4.25], "size": [3, 0, 3], "pivot": [4.25, 25.75, -1.25], "rotation": [-22.5, -45, 0], "uv": [89, 9]},
						{"origin": [2.75, 25.75, -1.25], "size": [3, 0, 3], "pivot": [4.25, 25.75, -1.25], "rotation": [22.5, -45, 0], "uv": [89, 3]},
						{"origin": [3.5, 25.75, -1.25], "size": [1.5, 0, 1.5], "pivot": [4.25, 25.75, -1.25], "rotation": [67.5, -45, 0], "uv": [101, 0]},
						{"origin": [3.5, 25.75, -2.75], "size": [1.5, 0, 1.5], "pivot": [4.25, 25.75, -1.25], "rotation": [-67.5, -45, 0], "uv": [101, 0]},
						{"origin": [3, 25.75, -1.25], "size": [2.5, 0, 2.5], "pivot": [4.25, 25.75, -1.25], "rotation": [0, -90, 45], "uv": [96, 0]},
						{"origin": [3, 25.75, -3.75], "size": [2.5, 0, 2.5], "pivot": [4.25, 25.75, -1.25], "rotation": [0, -90, -45], "uv": [96, 4]},
						{"origin": [4.25, 25.75, -2.75], "size": [3, 0, 3], "pivot": [4.25, 25.75, -1.25], "rotation": [20.94102, -40.78947, -30.36119], "uv": [89, 6]},
						{"origin": [5.25, 25.75, -2.75], "size": [3, 0, 3], "pivot": [5.25, 25.75, -1.25], "rotation": [0, 0, -15], "uv": [89, 12]},
						{"origin": [7.49755, 25.75121, -2], "size": [3, 1, 1], "inflate": -0.25, "pivot": [7.49755, 25.75121, -0.5], "rotation": [0, 7.5, -7.5], "uv": [92, 17]},
						{"origin": [7.49755, 25.75121, -1.5], "size": [3, 1, 1], "inflate": -0.25, "pivot": [7.49755, 25.75121, -2], "rotation": [0, -7.5, -7.5], "uv": [92, 15]},
						{"origin": [4.25, 25.75, -2], "size": [1.5, 0, 1.5], "pivot": [4.25, 25.75, -1.25], "rotation": [42.73421, -15.69986, -73.67505], "uv": [101, 0]},
						{"origin": [2.75, 25.75, -2], "size": [1.5, 0, 1.5], "pivot": [4.25, 25.75, -1.25], "rotation": [-42.73421, -15.69986, 73.67505], "uv": [101, 0], "mirror": true},
						{"origin": [4.25, 25.75, -2.5], "size": [2.5, 0, 2.5], "pivot": [4.25, 25.75, -1.25], "rotation": [90, -45, -90], "uv": [96, 2]},
						{"origin": [1.75, 25.75, -2.5], "size": [2.5, 0, 2.5], "pivot": [4.25, 25.75, -1.25], "rotation": [-90, -45, 90], "uv": [96, 6], "mirror": true}
					]
				},
				{
					"name": "Eyes",
					"parent": "Head",
					"pivot": [0, 18.75, 0]
				},
				{
					"name": "Eyelid",
					"parent": "Eyes",
					"pivot": [0, 20.75, -4]
				},
				{
					"name": "RightEyelid",
					"parent": "Eyelid",
					"pivot": [0, 20.75, -4],
					"cubes": [
						{"origin": [-3, 19.75, -4.01], "size": [2, 2, 1], "uv": [0, 0]}
					]
				},
				{
					"name": "RightEyelidBase",
					"parent": "RightEyelid",
					"pivot": [0, 20.75, -4]
				},
				{
					"name": "RightEyePublic",
					"parent": "RightEyelidBase",
					"pivot": [0, 20.75, -4],
					"cubes": [
						{"origin": [-2.25, 19.75, -4.05], "size": [1, 2, 1], "uv": [4, 5]}
					]
				},
				{
					"name": "RightEyeDot",
					"parent": "RightEyelidBase",
					"pivot": [0, 20.75, -4],
					"cubes": [
						{"origin": [-1.5, 21, -4.1], "size": [0.5, 0.25, 0.25], "uv": [65, 1]}
					]
				},
				{
					"name": "LeftEyelid",
					"parent": "Eyelid",
					"pivot": [0, 20.75, -4],
					"cubes": [
						{"origin": [1, 19.75, -4.01], "size": [2, 2, 1], "uv": [0, 0]}
					]
				},
				{
					"name": "LeftEyelidBase",
					"parent": "LeftEyelid",
					"pivot": [0, 20.75, -4]
				},
				{
					"name": "LeftEyePublic",
					"parent": "LeftEyelidBase",
					"pivot": [0, 20.75, -4],
					"cubes": [
						{"origin": [1.25, 19.75, -4.05], "size": [1, 2, 1], "uv": [4, 5]}
					]
				},
				{
					"name": "LeftEyeDot",
					"parent": "LeftEyelidBase",
					"pivot": [0, 20.75, -4],
					"cubes": [
						{"origin": [2, 21, -4.1], "size": [0.5, 0.25, 0.25], "uv": [65, 1]}
					]
				},
				{
					"name": "EyeBrow",
					"parent": "Eyes",
					"pivot": [0, 18.75, 0]
				},
				{
					"name": "RightEyebrow",
					"parent": "EyeBrow",
					"pivot": [0, 18.75, 0],
					"cubes": [
						{"origin": [-3, 21.5, -4.15], "size": [2, 1, 1], "uv": [0, 3]},
						{"origin": [-3.75, 21, -4.2], "size": [1, 1, 1], "uv": [0, 5]}
					]
				},
				{
					"name": "LeftEyebrow",
					"parent": "EyeBrow",
					"pivot": [0, 18.75, 0],
					"cubes": [
						{"origin": [1, 21.5, -4.15], "size": [2, 1, 1], "uv": [0, 3]},
						{"origin": [2.75, 21, -4.2], "size": [1, 1, 1], "uv": [0, 5]}
					]
				},
				{
					"name": "Mouth",
					"parent": "Head",
					"pivot": [0, 18.75, 0]
				},
				{
					"name": "normal",
					"parent": "Mouth",
					"pivot": [0, 18.75, 1],
					"cubes": [
						{"origin": [0.27145, 18.54645, -3.01], "size": [0.5, 0.25, 0.25], "pivot": [-0.22855, 18.54645, -3.74], "rotation": [0, 0, -45], "uv": [67, 1]},
						{"origin": [-0.77145, 18.54645, -3.01], "size": [0.5, 0.25, 0.25], "pivot": [0.22855, 18.54645, -3.74], "rotation": [0, 0, 45], "uv": [67, 1]},
						{"origin": [-0.125, 18.9, -3.02], "size": [0.25, 0.25, 0.25], "uv": [67, 1]}
					]
				},
				{
					"name": "happy",
					"parent": "Mouth",
					"pivot": [0, 18.75, 1],
					"cubes": [
						{"origin": [-0.125, 18.9, -3.015], "size": [0.25, 0.25, 0.25], "uv": [67, 1]},
						{"origin": [0.18864, 18.6625, -3.01], "size": [0.4, 0.25, 0.25], "pivot": [-0.28636, 18.6625, -3.75], "rotation": [0, 0, -30], "uv": [67, 1]},
						{"origin": [-0.58864, 18.6625, -3.01], "size": [0.4, 0.25, 0.25], "pivot": [0.28636, 18.6625, -3.75], "rotation": [0, 0, 30], "uv": [67, 1]},
						{"origin": [-0.475, 19.1, -3.02], "size": [0.95, 0.25, 0.25], "uv": [67, 1]}
					]
				},
				{
					"name": "laugh",
					"parent": "Mouth",
					"pivot": [0, 18.75, 1],
					"cubes": [
						{"origin": [-0.25, 18.8, -3.015], "size": [0.5, 0.5, 0.25], "uv": [67, 1]},
						{"origin": [0.46208, 18.41037, -3.01], "size": [0.55, 0.35, 0.25], "pivot": [-0.01292, 18.41037, -3.76], "rotation": [0, 0, -55], "uv": [67, 1]},
						{"origin": [-1.01208, 18.41037, -3.01], "size": [0.55, 0.35, 0.25], "pivot": [0.01292, 18.41037, -3.76], "rotation": [0, 0, 55], "uv": [67, 1]},
						{"origin": [-0.575, 19.25, -3.02], "size": [1.15, 0.25, 0.25], "uv": [67, 1]},
						{"origin": [0.825, 19.1, -3.4], "size": [0.1, 0.1, 0.1], "pivot": [-0.3, 19.05, -4.1], "rotation": [-22.5, -22.5, -45], "uv": [12, 15]}
					]
				},
				{
					"name": "unhappy",
					"parent": "Mouth",
					"pivot": [0, 19.5, 0],
					"cubes": [
						{"origin": [0.27145, 19.35355, -3.01], "size": [0.35, 0.25, 0.25], "pivot": [-0.22855, 19.60355, -3.74], "rotation": [0, 0, 45], "uv": [67, 1]},
						{"origin": [-0.62145, 19.35355, -3.01], "size": [0.35, 0.25, 0.25], "pivot": [0.22855, 19.60355, -3.74], "rotation": [0, 0, -45], "uv": [67, 1]},
						{"origin": [-0.125, 19, -3.02], "size": [0.25, 0.25, 0.25], "uv": [67, 1]}
					]
				},
				{
					"name": "pain",
					"parent": "Mouth",
					"pivot": [0, 18.75, 0],
					"cubes": [
						{"origin": [0.53864, 18.5125, -3.02], "size": [0.6, 0.6, 0.25], "pivot": [0.16364, 18.5125, -3.75], "rotation": [0, 0, -45], "uv": [67, 1]},
						{"origin": [-1.13864, 18.5125, -3.02], "size": [0.6, 0.6, 0.25], "pivot": [-0.16364, 18.5125, -3.75], "rotation": [0, 0, 45], "uv": [67, 1]},
						{"origin": [-0.325, 19, -3.01], "size": [0.65, 0.45, 0.25], "uv": [67, 1]}
					]
				},
				{
					"name": "Ear",
					"parent": "Head",
					"pivot": [0, 18.75, 0]
				},
				{
					"name": "Left_ear",
					"parent": "Ear",
					"pivot": [3, 25.75, 0],
					"cubes": [
						{"origin": [6, 24.75, -0.75], "size": [3, 4, 1.5], "pivot": [6, 30.75, 0], "rotation": [0, 0, 45], "uv": [12, 52]},
						{"origin": [8.82843, 27.57843, -0.75], "size": [2.5, 1, 1.5], "pivot": [8.82843, 33.57843, 0], "rotation": [0, 0, 45], "uv": [50, 52]},
						{"origin": [9.53553, 27.78553, -0.75], "size": [1.5, 1.5, 1.5], "inflate": -0.1, "pivot": [9.53553, 34.28553, 0], "rotation": [0, 0, 45], "uv": [60, 0]}
					]
				},
				{
					"name": "Right_ear",
					"parent": "Ear",
					"pivot": [-3, 25.75, 0],
					"cubes": [
						{"origin": [-11.03553, 27.78553, -0.75], "size": [1.5, 1.5, 1.5], "inflate": -0.1, "pivot": [-9.53553, 34.28553, 0], "rotation": [0, 0, -45], "uv": [60, 0]},
						{"origin": [-11.32843, 27.57843, -0.75], "size": [2.5, 1, 1.5], "pivot": [-8.82843, 33.57843, 0], "rotation": [0, 0, -45], "uv": [54, 10]},
						{"origin": [-9, 24.75, -0.75], "size": [3, 4, 1.5], "pivot": [-6, 30.75, 0], "rotation": [0, 0, -45], "uv": [20, 52]}
					]
				},
				{
					"name": "Hair",
					"parent": "Head",
					"pivot": [0, 18.75, 0]
				},
				{
					"name": "MRightSideHair",
					"parent": "Hair",
					"pivot": [-4, 23.75, 0]
				},
				{
					"name": "RightSideHair",
					"parent": "MRightSideHair",
					"pivot": [-4, 23.75, 0]
				},
				{
					"name": "MLeftSideHair",
					"parent": "Hair",
					"pivot": [4, 23.75, 0]
				},
				{
					"name": "LeftSideHair",
					"parent": "MLeftSideHair",
					"pivot": [4, 23.75, 0]
				},
				{
					"name": "FLongHair",
					"parent": "Hair",
					"pivot": [0, 19.75, 3]
				},
				{
					"name": "MLongHair",
					"parent": "FLongHair",
					"pivot": [0, 19.75, 3]
				},
				{
					"name": "LongHair",
					"parent": "MLongHair",
					"pivot": [0, 19.75, 3],
					"cubes": [
						{"origin": [-1, 12.75, 2.5], "size": [2, 8, 2], "pivot": [0, 18.75, 3.5], "rotation": [15, 0, 0], "uv": [50, 36]},
						{"origin": [-1, 16.75, 2.5], "size": [2, 2, 2], "inflate": 0.01, "pivot": [0, 18.75, 3.5], "rotation": [15, 0, 0], "uv": [88, 19]},
						{"origin": [0, 16.25, 3.5], "size": [4, 3, 1], "pivot": [1, 19.25, 3.5], "rotation": [14.97079, -3.53821, -6.12088], "uv": [68, 25]},
						{"origin": [-4, 16.25, 3.5], "size": [4, 3, 1], "pivot": [-1, 19.25, 3.5], "rotation": [14.97079, 3.53821, 6.12088], "uv": [68, 25], "mirror": true},
						{"origin": [-7.25, 13.25, 5.25], "size": [6, 3, 1], "pivot": [-4.25, 16.25, 5.25], "rotation": [0, 22.5, -45], "uv": [78, 25], "mirror": true},
						{"origin": [1.25, 13.25, 5.25], "size": [6, 3, 1], "pivot": [4.25, 16.25, 5.25], "rotation": [0, -22.5, 45], "uv": [78, 25]},
						{"origin": [-2, 11.75, 6], "size": [4, 3, 3], "pivot": [0, 17.75, 7], "rotation": [-30, 0, 0], "uv": [0, 46]}
					]
				},
				{
					"name": "LeftShoulderLocator",
					"parent": "Head",
					"pivot": [3, 27.2, 0]
				},
				{
					"name": "RightShoulderLocator",
					"parent": "Head",
					"pivot": [-3, 27.2, 0]
				},
				{
					"name": "quilt",
					"parent": "Head",
					"pivot": [0, 20.5, 0],
					"cubes": [
						{"origin": [-6, 15.5, -5], "size": [12, 12, 10], "inflate": -5, "uv": [0, 63]},
						{"origin": [-0.50907, 15.5, -3.88044], "size": [12, 12, 10], "inflate": -5, "pivot": [3.46503, 11.5, -2.89647], "rotation": [0, -60, 0], "uv": [8, 85]},
						{"origin": [-3.37577, 15.5, 0.60748], "size": [12, 12, 10], "inflate": -5, "pivot": [10.62423, 11.5, 1.60748], "rotation": [0, -30, 0], "uv": [34, 63]},
						{"origin": [-3.10604, 15.5, 1.8579], "size": [12, 12, 10], "inflate": -5, "pivot": [8.89396, 11.5, 2.8579], "rotation": [0, -45, 0], "uv": [0, 85], "mirror": true},
						{"origin": [-4.41752, 15.5, 5.20327], "size": [12, 12, 10], "inflate": -5, "pivot": [5.58248, 11.5, 6.20327], "rotation": [0, -90, 0], "uv": [42, 85]},
						{"origin": [-11.49093, 15.5, -3.88044], "size": [12, 12, 10], "inflate": -5, "pivot": [-3.46503, 11.5, -2.89647], "rotation": [0, 60, 0], "uv": [8, 85], "mirror": true},
						{"origin": [-8.62423, 15.5, 0.60748], "size": [12, 12, 10], "inflate": -5, "pivot": [-10.62423, 11.5, 1.60748], "rotation": [0, 30, 0], "uv": [34, 63], "mirror": true},
						{"origin": [-8.89396, 15.5, 1.8579], "size": [12, 12, 10], "inflate": -5, "pivot": [-8.89396, 11.5, 2.8579], "rotation": [0, 45, 0], "uv": [0, 85]},
						{"origin": [-7.58248, 15.5, 5.20327], "size": [12, 12, 10], "inflate": -5, "pivot": [-5.58248, 11.5, 6.20327], "rotation": [0, 90, 0], "uv": [42, 85], "mirror": true}
					]
				},
				{
					"name": "sittingRotationSkirt",
					"parent": "UpperBody",
					"pivot": [0, 11, 0],
					"cubes": [
						{"origin": [-3.5, 7.5, -2.5], "size": [7, 4, 5], "inflate": 0.1, "uv": [68, 0]},
						{"origin": [-3, 10.5, -2], "size": [6, 2, 4], "inflate": 0.25, "uv": [0, 57]}
					]
				},
				{
					"name": "bone2",
					"parent": "UpperBody",
					"pivot": [0, 11, 0]
				},
				{
					"name": "armRight",
					"parent": "UpperBody",
					"pivot": [-3, 16.5, 0],
					"rotation": [0, 0, 15],
					"cubes": [
						{"origin": [-4.29289, 12.72474, -1], "size": [2, 4, 2], "inflate": 0.01, "uv": [46, 10]},
						{"origin": [-4.79289, 12.72474, -1.5], "size": [3, 5, 3], "uv": [68, 9]}
					]
				},
				{
					"name": "foreArmRight",
					"parent": "armRight",
					"pivot": [-4.29289, 12.72474, 1],
					"cubes": [
						{"origin": [-5.01547, 8.60959, -1], "size": [2, 4, 2], "pivot": [-0.01547, -3.89041, 0], "rotation": [0, 0, 2.5], "uv": [54, 14]},
						{"origin": [-4.79289, 9.72474, -1.5], "size": [3, 3, 3], "inflate": 0.005, "uv": [14, 46]},
						{"origin": [0.2373, 9.50602, -1.5], "size": [2, 5, 3], "pivot": [6.2373, -1.99398, -0.01], "rotation": [0, 0, -15], "uv": [68, 17]}
					]
				},
				{
					"name": "RightHand",
					"parent": "foreArmRight",
					"pivot": [-3.04289, 10.22474, 0],
					"cubes": [
						{"origin": [-3.54289, 9.72474, -0.5], "size": [1, 1, 1], "uv": [24, 0]}
					]
				},
				{
					"name": "RightHandLocator",
					"parent": "RightHand",
					"pivot": [-3.04289, 10.22474, 0]
				},
				{
					"name": "BladeLocator",
					"parent": "RightHand",
					"pivot": [-3.04289, 10.22474, 0]
				},
				{
					"name": "armLeft",
					"parent": "UpperBody",
					"pivot": [3, 16.5, 0],
					"rotation": [0, 0, -15],
					"cubes": [
						{"origin": [1.79289, 12.72474, -1.5], "size": [3, 5, 3], "uv": [80, 9]},
						{"origin": [2.29289, 12.72474, -1], "size": [2, 4, 2], "inflate": 0.01, "uv": [48, 20]}
					]
				},
				{
					"name": "foreArmLeft",
					"parent": "armLeft",
					"pivot": [4.29289, 12.72474, 1],
					"cubes": [
						{"origin": [3.01547, 8.60959, -1], "size": [2, 4, 2], "pivot": [0.01547, -3.89041, 0], "rotation": [0, 0, -2.5], "uv": [56, 24]},
						{"origin": [1.79289, 9.72474, -1.5], "size": [3, 3, 3], "inflate": 0.005, "uv": [26, 46]},
						{"origin": [-2.30545, 8.98839, -1.5], "size": [2, 5, 3], "pivot": [-4.30545, -2.51161, -0.01], "rotation": [0, 0, 15], "uv": [78, 17]}
					]
				},
				{
					"name": "LeftHand",
					"parent": "foreArmLeft",
					"pivot": [3.04289, 10.22474, 0],
					"cubes": [
						{"origin": [2.54289, 9.72474, -0.5], "size": [1, 1, 1], "uv": [24, 0]}
					]
				},
				{
					"name": "LeftHandLocator",
					"parent": "LeftHand",
					"pivot": [3.04289, 10.22474, 0]
				},
				{
					"name": "LeftWaistLocator",
					"parent": "LeftHand",
					"pivot": [3.04289, 10.22474, 0]
				},
				{
					"name": "SheathLocator",
					"parent": "LeftHand",
					"pivot": [3.04289, 10.22474, 0]
				},
				{
					"name": "RifleLocator",
					"parent": "UpperBody",
					"pivot": [0, 14.5, 2.3],
					"rotation": [0, 0, 45]
				},
				{
					"name": "PistolLocator",
					"parent": "UpperBody",
					"pivot": [-3, 12.5, -0.6],
					"rotation": [-30, 0, 0]
				},
				{
					"name": "RightWaistLocator",
					"parent": "UpperBody",
					"pivot": [-3, 11.5, 0],
					"rotation": [-5, 0, 0]
				},
				{
					"name": "BackpackLocator",
					"parent": "UpperBody",
					"pivot": [0, 16.5, 0]
				},
				{
					"name": "DownBody",
					"parent": "AllBody",
					"pivot": [0, 10.5, 0]
				},
				{
					"name": "legLeft",
					"parent": "DownBody",
					"pivot": [2, 10.5, 0],
					"cubes": [
						{"origin": [0.499, 5.5, -1.5], "size": [3, 5, 3], "inflate": 0.01, "uv": [38, 44]}
					]
				},
				{
					"name": "lowerLegLeft",
					"parent": "legLeft",
					"pivot": [1, 5.5, -1.5],
					"rotation": [0, 0, -2.5],
					"cubes": [
						{"origin": [0.499, 2, -1.5], "size": [3, 3.5, 3], "uv": [62, 49]},
						{"origin": [0.499, 1.5, -1], "size": [3, 0.5, 2.5], "uv": [63, 52]},
						{"origin": [0.499, 2.96967, 0.0481], "size": [3, 0.7, 0.5], "inflate": -0.01, "pivot": [0, 0.96967, 1.2981], "rotation": [45, 0, 0], "uv": [65, 53]}
					]
				},
				{
					"name": "footLeft",
					"parent": "lowerLegLeft",
					"pivot": [2, 2.5, 0],
					"cubes": [
						{"origin": [0.499, 0.5, -1.5], "size": [3, 2, 3], "inflate": 0.01, "uv": [74, 52]},
						{"origin": [-0.001, 0, -3], "size": [4, 2, 2], "inflate": -0.51, "uv": [74, 57]},
						{"origin": [-0.001, 1.07089, -2.61628], "size": [4, 2, 2.25], "inflate": -0.52, "pivot": [0, 1.07089, 0.38372], "rotation": [22.5, 0, 0], "uv": [74, 61]}
					]
				},
				{
					"name": "shoeLeft",
					"parent": "footLeft",
					"pivot": [2, 2.5, 0],
					"cubes": [
						{"origin": [0.499, 0, -2.5], "size": [3, 0.5, 4], "inflate": 0.1, "uv": [113, 6]},
						{"origin": [1.499, 0.5, -2.5], "size": [0.5, 1, 0], "uv": [45, 53]},
						{"origin": [1.499, 2.57089, -2.11628], "size": [0.5, 0, 0.5], "pivot": [0, 1.07089, 0.38372], "rotation": [22.5, 0, 0], "uv": [45, 53]},
						{"origin": [0.499, 2.76223, -1.65434], "size": [3, 0, 0.5], "pivot": [0, 1.26223, 0.84566], "rotation": [22.5, 0, 0], "uv": [45, 55]},
						{"origin": [2.47666, 4.54906, -2.39447], "size": [1.5, 0, 0.5], "pivot": [1.97766, 3.04906, 0.10553], "rotation": [1.03509, -22.47741, 87.29431], "uv": [45, 55]},
						{"origin": [-0.47881, 4.67, -2.44456], "size": [1.5, 0, 0.5], "pivot": [-0.97781, 3.17, 0.05544], "rotation": [-1.03509, -22.47741, 92.70569], "uv": [45, 55]}
					]
				},
				{
					"name": "legRight",
					"parent": "DownBody",
					"pivot": [-2, 10.5, 0],
					"cubes": [
						{"origin": [-3.499, 5.5, -1.5], "size": [3, 5, 3], "inflate": 0.01, "uv": [38, 32]}
					]
				},
				{
					"name": "lowerLegRight",
					"parent": "legRight",
					"pivot": [-1, 5.5, -1.5],
					"rotation": [0, 0, 2.5],
					"cubes": [
						{"origin": [-3.499, 2, -1.5], "size": [3, 3.5, 3], "uv": [62, 37]},
						{"origin": [-3.499, 1.5, -1], "size": [3, 0.5, 2.5], "uv": [63, 40]},
						{"origin": [-3.499, 1.23223, 0.35355], "size": [3, 0.7, 0.5], "inflate": -0.01, "pivot": [0, -0.26777, -0.64645], "rotation": [45, 0, 0], "uv": [65, 41]}
					]
				},
				{
					"name": "footRight",
					"parent": "lowerLegRight",
					"pivot": [-2, 2.5, 0],
					"cubes": [
						{"origin": [-3.499, 0.5, -1.5], "size": [3, 2, 3], "inflate": 0.01, "uv": [74, 40]},
						{"origin": [-3.999, 0, -3], "size": [4, 2, 2], "inflate": -0.51, "uv": [74, 45]},
						{"origin": [-3.999, 0.10959, -2.42904], "size": [4, 2, 2], "inflate": -0.52, "pivot": [0, 0.10959, -1.92904], "rotation": [22.5, 0, 0], "uv": [86, 45]}
					]
				},
				{
					"name": "shoeRight",
					"parent": "footRight",
					"pivot": [-2, 2.5, 0],
					"cubes": [
						{"origin": [-3.499, 0, -2.5], "size": [3, 0.5, 4], "inflate": 0.1, "uv": [113, 6]},
						{"origin": [-1.999, 0.5, -2.5], "size": [0.5, 1, 0], "uv": [45, 53]},
						{"origin": [-1.999, 2.57089, -2.11628], "size": [0.5, 0, 0.5], "pivot": [0, 1.07089, 0.38372], "rotation": [22.5, 0, 0], "uv": [45, 53]},
						{"origin": [-3.499, 2.76223, -1.65434], "size": [3, 0, 0.5], "pivot": [0, 1.26223, 0.84566], "rotation": [22.5, 0, 0], "uv": [45, 55]},
						{"origin": [-3.97666, 4.54906, -2.39447], "size": [1.5, 0, 0.5], "pivot": [-1.97766, 3.04906, 0.10553], "rotation": [1.03509, 22.47741, -87.29431], "uv": [45, 55]},
						{"origin": [-1.02119, 4.67, -2.44456], "size": [1.5, 0, 0.5], "pivot": [0.97781, 3.17, 0.05544], "rotation": [-1.03509, 22.47741, -92.70569], "uv": [45, 55]}
					]
				},
				{
					"name": "molang",
					"pivot": [0, 0.5, 0]
				}
			]
		}
	]
}