{
	"format_version": "1.12.0",
	"minecraft:geometry": [
		{
			"description": {
				"identifier": "geometry.model",
				"texture_width": 128,
				"texture_height": 128,
				"visible_bounds_width": 8,
				"visible_bounds_height": 7,
				"visible_bounds_offset": [0, 1.5, 0]
			},
			"bones": [
				{
					"name": "MRoot",
					"pivot": [0, 0, 0]
				},
				{
					"name": "Root",
					"parent": "MRoot",
					"pivot": [0, 0, 0]
				},
				{
					"name": "MAllBody",
					"parent": "Root",
					"pivot": [0, 14, 0]
				},
				{
					"name": "AllBody",
					"parent": "MAllBody",
					"pivot": [0, 14, 0]
				},
				{
					"name": "MUpBody",
					"parent": "AllBody",
					"pivot": [0, 10, 0]
				},
				{
					"name": "UpBody",
					"parent": "MUpBody",
					"pivot": [0, 10, 0]
				},
				{
					"name": "MUpperBody",
					"parent": "UpBody",
					"pivot": [0, 12.5, 0]
				},
				{
					"name": "UpperBody",
					"parent": "MUpperBody",
					"pivot": [0, 12.5, 0],
					"cubes": [
						{"origin": [-3, 8.999, -2], "size": [6, 8.5, 4], "uv": [2, 34]},
						{"origin": [5.25, 17.999, -2.5], "size": [1.5, 2.5, 1], "pivot": [7.75, 3.5, -3.5], "rotation": [0, 0, -30], "uv": [22, 34]},
						{"origin": [-6.75, 17.999, -2.5], "size": [1.5, 2.5, 1], "pivot": [-7.75, 3.5, -3.5], "rotation": [0, 0, 30], "uv": [22, 34]},
						{"origin": [-3, 10.5, -2], "size": [6, 2, 4], "inflate": 0.01, "uv": [34, 2]},
						{"origin": [-3.25, 10.499, -2], "size": [6.5, 7, 4], "inflate": 0.1, "uv": [62, 9]}
					]
				},
				{
					"name": "AllHead",
					"parent": "UpperBody",
					"pivot": [0, 17.5, 0],
					"cubes": [
						{"origin": [-1.5, 17.499, -1.5], "size": [3, 1.5, 3], "uv": [0, 52]}
					]
				},
				{
					"name": "MHead",
					"parent": "AllHead",
					"pivot": [0, 18.25, 0]
				},
				{
					"name": "Head",
					"parent": "MHead",
					"pivot": [0, 18.25, 0],
					"cubes": [
						{"origin": [-4, 18.25, -4], "size": [8, 8, 8], "uv": [0, 0]},
						{"origin": [-4, 18.25, -4], "size": [8, 8, 8], "inflate": 0.25, "uv": [0, 16]},
						{"origin": [-3.5, 18.25, -0.5], "size": [1, 6, 1], "pivot": [-1.5, 26.25, 0], "rotation": [0, 0, 15], "uv": [28, 52]},
						{"origin": [2.5, 18.25, -0.5], "size": [1, 6, 1], "pivot": [1.5, 26.25, 0], "rotation": [0, 0, -15], "uv": [32, 52]}
					]
				},
				{
					"name": "bone1",
					"parent": "Head",
					"pivot": [0, 18.25, 0]
				},
				{
					"name": "Eyes",
					"parent": "Head",
					"pivot": [0, 18.25, 0]
				},
				{
					"name": "Eyelid",
					"parent": "Eyes",
					"pivot": [0, 20.25, -4]
				},
				{
					"name": "RightEyelid",
					"parent": "Eyelid",
					"pivot": [0, 20.25, -4],
					"cubes": [
						{"origin": [-3, 19.25, -4.01], "size": [2, 2, 1], "uv": [0, 0]}
					]
				},
				{
					"name": "RightEyelidBase",
					"parent": "RightEyelid",
					"pivot": [0, 20.25, -4]
				},
				{
					"name": "RightEyePublic",
					"parent": "RightEyelidBase",
					"pivot": [0, 20.25, -4],
					"cubes": [
						{"origin": [-2.25, 19.25, -4.05], "size": [1, 2, 1], "uv": [4, 5]}
					]
				},
				{
					"name": "RightEyeDot",
					"parent": "RightEyelidBase",
					"pivot": [0, 20.25, -4],
					"cubes": [
						{"origin": [-1.5, 20.5, -4.1], "size": [0.5, 0.25, 0.25], "uv": [65, 1]}
					]
				},
				{
					"name": "LeftEyelid",
					"parent": "Eyelid",
					"pivot": [0, 20.25, -4],
					"cubes": [
						{"origin": [1, 19.25, -4.01], "size": [2, 2, 1], "uv": [0, 0]}
					]
				},
				{
					"name": "LeftEyelidBase",
					"parent": "LeftEyelid",
					"pivot": [0, 20.25, -4]
				},
				{
					"name": "LeftEyePublic",
					"parent": "LeftEyelidBase",
					"pivot": [0, 20.25, -4],
					"cubes": [
						{"origin": [1.25, 19.25, -4.05], "size": [1, 2, 1], "uv": [4, 5]}
					]
				},
				{
					"name": "LeftEyeDot",
					"parent": "LeftEyelidBase",
					"pivot": [0, 20.25, -4],
					"cubes": [
						{"origin": [2, 20.5, -4.1], "size": [0.5, 0.25, 0.25], "uv": [65, 1]}
					]
				},
				{
					"name": "EyeBrow",
					"parent": "Eyes",
					"pivot": [0, 18.25, 0]
				},
				{
					"name": "RightEyebrow",
					"parent": "EyeBrow",
					"pivot": [0, 18.25, 0],
					"cubes": [
						{"origin": [-3, 21, -4.15], "size": [2, 1, 1], "uv": [0, 3]},
						{"origin": [-3.75, 20.5, -4.2], "size": [1, 1, 1], "uv": [0, 5]}
					]
				},
				{
					"name": "LeftEyebrow",
					"parent": "EyeBrow",
					"pivot": [0, 18.25, 0],
					"cubes": [
						{"origin": [1, 21, -4.15], "size": [2, 1, 1], "uv": [0, 3]},
						{"origin": [2.75, 20.5, -4.2], "size": [1, 1, 1], "uv": [0, 5]}
					]
				},
				{
					"name": "Mouth",
					"parent": "Head",
					"pivot": [0, 18.25, 0]
				},
				{
					"name": "normal",
					"parent": "Mouth",
					"pivot": [0, 18.25, 1],
					"cubes": [
						{"origin": [0.27145, 18.04645, -3.01], "size": [0.5, 0.25, 0.25], "pivot": [-0.22855, 18.04645, -3.74], "rotation": [0, 0, -45], "uv": [67, 1]},
						{"origin": [-0.77145, 18.04645, -3.01], "size": [0.5, 0.25, 0.25], "pivot": [0.22855, 18.04645, -3.74], "rotation": [0, 0, 45], "uv": [67, 1]},
						{"origin": [-0.125, 18.4, -3.02], "size": [0.25, 0.25, 0.25], "uv": [67, 1]}
					]
				},
				{
					"name": "happy",
					"parent": "Mouth",
					"pivot": [0, 18.25, 1],
					"cubes": [
						{"origin": [-0.125, 18.4, -3.015], "size": [0.25, 0.25, 0.25], "uv": [67, 1]},
						{"origin": [0.18864, 18.1625, -3.01], "size": [0.4, 0.25, 0.25], "pivot": [-0.28636, 18.1625, -3.75], "rotation": [0, 0, -30], "uv": [67, 1]},
						{"origin": [-0.58864, 18.1625, -3.01], "size": [0.4, 0.25, 0.25], "pivot": [0.28636, 18.1625, -3.75], "rotation": [0, 0, 30], "uv": [67, 1]},
						{"origin": [-0.475, 18.6, -3.02], "size": [0.95, 0.25, 0.25], "uv": [67, 1]}
					]
				},
				{
					"name": "laugh",
					"parent": "Mouth",
					"pivot": [0, 18.25, 1],
					"cubes": [
						{"origin": [-0.25, 18.3, -3.015], "size": [0.5, 0.5, 0.25], "uv": [67, 1]},
						{"origin": [0.46208, 17.91037, -3.01], "size": [0.55, 0.35, 0.25], "pivot": [-0.01292, 17.91037, -3.76], "rotation": [0, 0, -55], "uv": [67, 1]},
						{"origin": [-1.01208, 17.91037, -3.01], "size": [0.55, 0.35, 0.25], "pivot": [0.01292, 17.91037, -3.76], "rotation": [0, 0, 55], "uv": [67, 1]},
						{"origin": [-0.575, 18.75, -3.02], "size": [1.15, 0.25, 0.25], "uv": [67, 1]},
						{"origin": [0.825, 18.6, -3.4], "size": [0.1, 0.1, 0.1], "pivot": [-0.3, 18.55, -4.1], "rotation": [-22.5, -22.5, -45], "uv": [12, 15]}
					]
				},
				{
					"name": "unhappy",
					"parent": "Mouth",
					"pivot": [0, 19, 0],
					"cubes": [
						{"origin": [0.27145, 18.85355, -3.01], "size": [0.35, 0.25, 0.25], "pivot": [-0.22855, 19.10355, -3.74], "rotation": [0, 0, 45], "uv": [67, 1]},
						{"origin": [-0.62145, 18.85355, -3.01], "size": [0.35, 0.25, 0.25], "pivot": [0.22855, 19.10355, -3.74], "rotation": [0, 0, -45], "uv": [67, 1]},
						{"origin": [-0.125, 18.5, -3.02], "size": [0.25, 0.25, 0.25], "uv": [67, 1]}
					]
				},
				{
					"name": "pain",
					"parent": "Mouth",
					"pivot": [0, 18.25, 0],
					"cubes": [
						{"origin": [0.53864, 18.0125, -3.02], "size": [0.6, 0.6, 0.25], "pivot": [0.16364, 18.0125, -3.75], "rotation": [0, 0, -45], "uv": [67, 1]},
						{"origin": [-1.13864, 18.0125, -3.02], "size": [0.6, 0.6, 0.25], "pivot": [-0.16364, 18.0125, -3.75], "rotation": [0, 0, 45], "uv": [67, 1]},
						{"origin": [-0.325, 18.5, -3.01], "size": [0.65, 0.45, 0.25], "uv": [67, 1]}
					]
				},
				{
					"name": "Ear",
					"parent": "Head",
					"pivot": [0, 18.25, 0]
				},
				{
					"name": "Left_ear",
					"parent": "Ear",
					"pivot": [3, 25.25, 0],
					"cubes": [
						{"origin": [6, 24.25, -0.75], "size": [3, 4, 1.5], "pivot": [6, 30.25, 0], "rotation": [0, 0, 45], "uv": [12, 52]},
						{"origin": [8.82843, 27.07843, -0.75], "size": [2.5, 1, 1.5], "pivot": [8.82843, 33.07843, 0], "rotation": [0, 0, 45], "uv": [50, 52]},
						{"origin": [9.53553, 27.28553, -0.75], "size": [1.5, 1.5, 1.5], "inflate": -0.1, "pivot": [9.53553, 33.78553, 0], "rotation": [0, 0, 45], "uv": [56, 0]}
					]
				},
				{
					"name": "Right_ear",
					"parent": "Ear",
					"pivot": [-3, 25.25, 0],
					"cubes": [
						{"origin": [-11.03553, 27.28553, -0.75], "size": [1.5, 1.5, 1.5], "inflate": -0.1, "pivot": [-9.53553, 33.78553, 0], "rotation": [0, 0, -45], "uv": [56, 0]},
						{"origin": [-11.32843, 27.07843, -0.75], "size": [2.5, 1, 1.5], "pivot": [-8.82843, 33.07843, 0], "rotation": [0, 0, -45], "uv": [54, 10]},
						{"origin": [-9, 24.25, -0.75], "size": [3, 4, 1.5], "pivot": [-6, 30.25, 0], "rotation": [0, 0, -45], "uv": [20, 52]}
					]
				},
				{
					"name": "Hair",
					"parent": "Head",
					"pivot": [0, 18.25, 0]
				},
				{
					"name": "MRightSideHair",
					"parent": "Hair",
					"pivot": [-4, 23.25, 0]
				},
				{
					"name": "RightSideHair",
					"parent": "MRightSideHair",
					"pivot": [-4, 23.25, 0]
				},
				{
					"name": "MLeftSideHair",
					"parent": "Hair",
					"pivot": [4, 23.25, 0]
				},
				{
					"name": "LeftSideHair",
					"parent": "MLeftSideHair",
					"pivot": [4, 23.25, 0]
				},
				{
					"name": "FLongHair",
					"parent": "Hair",
					"pivot": [0, 19.25, 3]
				},
				{
					"name": "MLongHair",
					"parent": "FLongHair",
					"pivot": [0, 19.25, 3]
				},
				{
					"name": "LongHair",
					"parent": "MLongHair",
					"pivot": [0, 19.25, 3],
					"cubes": [
						{"origin": [-1, 12.25, 2.5], "size": [2, 8, 2], "pivot": [0, 18.25, 3.5], "rotation": [15, 0, 0], "uv": [50, 36]},
						{"origin": [-2, 11.25, 6], "size": [4, 3, 3], "pivot": [0, 17.25, 7], "rotation": [-30, 0, 0], "uv": [0, 46]}
					]
				},
				{
					"name": "LeftShoulderLocator",
					"parent": "Head",
					"pivot": [3, 26.7, 0]
				},
				{
					"name": "RightShoulderLocator",
					"parent": "Head",
					"pivot": [-3, 26.7, 0]
				},
				{
					"name": "quilt",
					"parent": "Head",
					"pivot": [0, 20, 0],
					"cubes": [
						{"origin": [-6, 15, -5], "size": [12, 12, 10], "inflate": -5, "uv": [0, 63]},
						{"origin": [-0.50907, 15, -3.88044], "size": [12, 12, 10], "inflate": -5, "pivot": [3.46503, 11, -2.89647], "rotation": [0, -60, 0], "uv": [8, 85]},
						{"origin": [-3.37577, 15, 0.60748], "size": [12, 12, 10], "inflate": -5, "pivot": [10.62423, 11, 1.60748], "rotation": [0, -30, 0], "uv": [34, 63]},
						{"origin": [-3.10604, 15, 1.8579], "size": [12, 12, 10], "inflate": -5, "pivot": [8.89396, 11, 2.8579], "rotation": [0, -45, 0], "uv": [0, 85], "mirror": true},
						{"origin": [-4.41752, 15, 5.20327], "size": [12, 12, 10], "inflate": -5, "pivot": [5.58248, 11, 6.20327], "rotation": [0, -90, 0], "uv": [42, 85]},
						{"origin": [-11.49093, 15, -3.88044], "size": [12, 12, 10], "inflate": -5, "pivot": [-3.46503, 11, -2.89647], "rotation": [0, 60, 0], "uv": [8, 85], "mirror": true},
						{"origin": [-8.62423, 15, 0.60748], "size": [12, 12, 10], "inflate": -5, "pivot": [-10.62423, 11, 1.60748], "rotation": [0, 30, 0], "uv": [34, 63], "mirror": true},
						{"origin": [-8.89396, 15, 1.8579], "size": [12, 12, 10], "inflate": -5, "pivot": [-8.89396, 11, 2.8579], "rotation": [0, 45, 0], "uv": [0, 85]},
						{"origin": [-7.58248, 15, 5.20327], "size": [12, 12, 10], "inflate": -5, "pivot": [-5.58248, 11, 6.20327], "rotation": [0, 90, 0], "uv": [42, 85], "mirror": true}
					]
				},
				{
					"name": "sittingRotationSkirt",
					"parent": "UpperBody",
					"pivot": [0, 10.5, 0],
					"cubes": [
						{"origin": [-3.25, 9, -2], "size": [6.5, 2, 4], "inflate": 0.05, "uv": [0, 57]},
						{"origin": [-3.5, 6.799, -2.25], "size": [7, 4.5, 4.5], "inflate": 0.1, "uv": [64, 20]}
					]
				},
				{
					"name": "bone2",
					"parent": "UpperBody",
					"pivot": [0, 10.75, 0],
					"rotation": [5, 0, 0],
					"cubes": [
						{"origin": [-0.99118, 14.78407, -2.25], "size": [1, 1.5, 0.5], "pivot": [0.00882, 14.78407, -2.75], "rotation": [0, 0, 100], "uv": [61, 1]},
						{"origin": [1, 14, -2.15], "size": [1, 1.5, 0], "pivot": [2, 13.5, -3.15], "rotation": [0, 0, -30], "uv": [60, 6]},
						{"origin": [-0.00882, 14.78407, -2.25], "size": [1, 1.5, 0.5], "pivot": [-0.00882, 14.78407, -2.75], "rotation": [0, 0, -100], "uv": [61, 1]},
						{"origin": [-2, 14, -2.15], "size": [1, 1.5, 0], "pivot": [-2, 13.5, -3.15], "rotation": [0, 0, 30], "uv": [60, 6]},
						{"origin": [-0.25, 14.75, -2.35], "size": [0.5, 1, 0.5], "uv": [62, 4]}
					]
				},
				{
					"name": "armRight",
					"parent": "UpperBody",
					"pivot": [-3, 16, 0],
					"rotation": [0, 0, 15],
					"cubes": [
						{"origin": [-4.29289, 12.22474, -1], "size": [2, 4, 2], "inflate": 0.01, "uv": [46, 10]},
						{"origin": [-4.54289, 12.22474, -1.25], "size": [2.5, 5, 2.5], "uv": [64, 28]}
					]
				},
				{
					"name": "foreArmRight",
					"parent": "armRight",
					"pivot": [-4.29289, 12.22474, 1],
					"cubes": [
						{"origin": [-5.01547, 8.10959, -1], "size": [2, 4, 2], "pivot": [-0.01547, -4.39041, 0], "rotation": [0, 0, 2.5], "uv": [54, 14]},
						{"origin": [-4.54289, 9.72474, -1.25], "size": [2.5, 2.5, 2.5], "inflate": 0.01, "uv": [14, 46]}
					]
				},
				{
					"name": "RightHand",
					"parent": "foreArmRight",
					"pivot": [-3.04289, 9.72474, 0],
					"cubes": [
						{"origin": [-3.54289, 9.22474, -0.5], "size": [1, 1, 1], "uv": [24, 0]}
					]
				},
				{
					"name": "RightHandLocator",
					"parent": "RightHand",
					"pivot": [-3.04289, 9.72474, 0]
				},
				{
					"name": "BladeLocator",
					"parent": "RightHand",
					"pivot": [-3.04289, 9.72474, 0]
				},
				{
					"name": "armLeft",
					"parent": "UpperBody",
					"pivot": [3, 16, 0],
					"rotation": [0, 0, -15],
					"cubes": [
						{"origin": [2.04289, 12.22474, -1.25], "size": [2.5, 5, 2.5], "uv": [72, 28]},
						{"origin": [2.29289, 12.22474, -1], "size": [2, 4, 2], "inflate": 0.01, "uv": [48, 20]}
					]
				},
				{
					"name": "foreArmLeft",
					"parent": "armLeft",
					"pivot": [4.29289, 12.22474, 1],
					"cubes": [
						{"origin": [3.01547, 8.10959, -1], "size": [2, 4, 2], "pivot": [0.01547, -4.39041, 0], "rotation": [0, 0, -2.5], "uv": [56, 24]},
						{"origin": [2.04289, 9.72474, -1.25], "size": [2.5, 2.5, 2.5], "inflate": 0.01, "uv": [14, 46]}
					]
				},
				{
					"name": "LeftHand",
					"parent": "foreArmLeft",
					"pivot": [3.04289, 9.72474, 0],
					"cubes": [
						{"origin": [2.54289, 9.22474, -0.5], "size": [1, 1, 1], "uv": [24, 0]}
					]
				},
				{
					"name": "LeftHandLocator",
					"parent": "LeftHand",
					"pivot": [3.04289, 9.72474, 0]
				},
				{
					"name": "LeftWaistLocator",
					"parent": "LeftHand",
					"pivot": [3.04289, 9.72474, 0]
				},
				{
					"name": "SheathLocator",
					"parent": "LeftHand",
					"pivot": [3.04289, 9.72474, 0]
				},
				{
					"name": "RifleLocator",
					"parent": "UpperBody",
					"pivot": [0, 14, 2.3],
					"rotation": [0, 0, 45]
				},
				{
					"name": "PistolLocator",
					"parent": "UpperBody",
					"pivot": [-3, 12, -0.6],
					"rotation": [-30, 0, 0]
				},
				{
					"name": "RightWaistLocator",
					"parent": "UpperBody",
					"pivot": [-3, 11, 0],
					"rotation": [-5, 0, 0]
				},
				{
					"name": "BackpackLocator",
					"parent": "UpperBody",
					"pivot": [0, 16, 0]
				},
				{
					"name": "DownBody",
					"parent": "AllBody",
					"pivot": [0, 10, 0]
				},
				{
					"name": "legLeft",
					"parent": "DownBody",
					"pivot": [2, 10, 0],
					"cubes": [
						{"origin": [0.499, 7, -1.5], "size": [3, 3, 3], "inflate": 0.1, "uv": [50, 30]},
						{"origin": [0.499, 5, -1.5], "size": [3, 5, 3], "inflate": 0.01, "uv": [38, 44]}
					]
				},
				{
					"name": "lowerLegLeft",
					"parent": "legLeft",
					"pivot": [1, 5, -1.5],
					"rotation": [0, 0, -2.5],
					"cubes": [
						{"origin": [0.499, 1.5, -1.5], "size": [3, 3.5, 3], "uv": [62, 49]},
						{"origin": [0.499, 1, -1], "size": [3, 0.5, 2.5], "uv": [115, 6]},
						{"origin": [0.499, 2.46967, 0.0481], "size": [3, 0.7, 0.5], "inflate": -0.01, "pivot": [0, 0.46967, 1.2981], "rotation": [45, 0, 0], "uv": [69, 1]}
					]
				},
				{
					"name": "footLeft",
					"parent": "lowerLegLeft",
					"pivot": [2, 2, 0],
					"cubes": [
						{"origin": [0.499, 0, -1.5], "size": [3, 2, 3], "inflate": 0.01, "uv": [74, 52]},
						{"origin": [-0.001, -0.5, -3], "size": [4, 2, 2], "inflate": -0.51, "uv": [74, 57]},
						{"origin": [-0.001, 0.57089, -2.61628], "size": [4, 2, 2.25], "inflate": -0.52, "pivot": [0, 0.57089, 0.38372], "rotation": [22.5, 0, 0], "uv": [74, 61]}
					]
				},
				{
					"name": "shoeLeft",
					"parent": "footLeft",
					"pivot": [2, 2, 0],
					"cubes": [
						{"origin": [0.499, 0, -1.5], "size": [3, 2, 3], "inflate": 0.1, "uv": [48, 56]},
						{"origin": [0.599, 0, -2.5], "size": [2.8, 1, 1], "inflate": 0.1, "uv": [56, 52]},
						{"origin": [0.599, 1.44737, -2.29833], "size": [2.8, 1, 1], "inflate": 0.09, "pivot": [0, 1.44737, 0.20167], "rotation": [30, 0, 0], "uv": [56, 54]}
					]
				},
				{
					"name": "shockLeft",
					"parent": "lowerLegLeft",
					"pivot": [1, 5, -1.5],
					"cubes": [
						{"origin": [0.499, 1.5, -1.5], "size": [3, 4, 3], "inflate": 0.15, "uv": [62, 55]}
					]
				},
				{
					"name": "legRight",
					"parent": "DownBody",
					"pivot": [-2, 10, 0],
					"cubes": [
						{"origin": [-3.499, 5, -1.5], "size": [3, 5, 3], "inflate": 0.01, "uv": [38, 32]},
						{"origin": [-3.499, 7, -1.5], "size": [3, 3, 3], "inflate": 0.1, "uv": [50, 46]}
					]
				},
				{
					"name": "lowerLegRight",
					"parent": "legRight",
					"pivot": [-1, 5, -1.5],
					"rotation": [0, 0, 2.5],
					"cubes": [
						{"origin": [-3.499, 1.5, -1.5], "size": [3, 3.5, 3], "uv": [62, 37]},
						{"origin": [-3.499, 1, -1], "size": [3, 0.5, 2.5], "uv": [115, 6]},
						{"origin": [-3.499, 0.73223, 0.35355], "size": [3, 0.7, 0.5], "inflate": -0.01, "pivot": [0, -0.76777, -0.64645], "rotation": [45, 0, 0], "uv": [69, 1]}
					]
				},
				{
					"name": "footRight",
					"parent": "lowerLegRight",
					"pivot": [-2, 2, 0],
					"cubes": [
						{"origin": [-3.499, 0, -1.5], "size": [3, 2, 3], "inflate": 0.01, "uv": [74, 40]},
						{"origin": [-3.999, -0.5, -3], "size": [4, 2, 2], "inflate": -0.51, "uv": [74, 45]},
						{"origin": [-3.999, -0.39041, -2.42904], "size": [4, 2, 2], "inflate": -0.52, "pivot": [0, -0.39041, -1.92904], "rotation": [22.5, 0, 0], "uv": [86, 45]}
					]
				},
				{
					"name": "shoeRight",
					"parent": "footRight",
					"pivot": [-2, 2, 0],
					"cubes": [
						{"origin": [-3.499, 0, -1.5], "size": [3, 2, 3], "inflate": 0.1, "uv": [36, 56]},
						{"origin": [-3.399, 0, -2.5], "size": [2.8, 1, 1], "inflate": 0.1, "uv": [56, 52]},
						{"origin": [-3.399, 1.44737, -2.29833], "size": [2.8, 1, 1], "inflate": 0.09, "pivot": [0, 1.44737, 0.20167], "rotation": [30, 0, 0], "uv": [50, 54]}
					]
				},
				{
					"name": "shockRight",
					"parent": "lowerLegRight",
					"pivot": [-1, 5, -1.5],
					"cubes": [
						{"origin": [-3.499, 1.5, -1.5], "size": [3, 4, 3], "inflate": 0.15, "uv": [62, 62]}
					]
				},
				{
					"name": "molang",
					"pivot": [0, 0, 0]
				}
			]
		}
	]
}