{
	"format_version": "1.8.0",
	"animations": {
		"vehicle$minecraft:player": {
			"loop": true,
			"bones": {
				"Root": {
					"rotation": [7.5, 0, 0]
				},
				"UpperBody": {
					"rotation": [50, 0, 0],
					"position": [0, 1, 0.75]
				},
				"sittingRotationSkirt": {
					"rotation": [-22.5, 0, 0],
					"position": [0, 0, 0.25]
				},
				"head": {
					"rotation": [27.5, 0, 0]
				},
				"earLeft": {
					"rotation": [0, 0, 22.5]
				},
				"earRight": {
					"rotation": [0, 0, -22.5]
				},
				"armRight": {
					"rotation": [-61.36648, -42.10287, -4.20805]
				},
				"foreArmRight": {
					"rotation": [-82.5, 0, 0]
				},
				"armLeft": {
					"rotation": [-39.27609, 44.19145, -7.81185]
				},
				"foreArmLeft": {
					"rotation": [-82.5, 0, 0]
				},
				"legLeft": {
					"rotation": [-7.61435, 9.91358, -1.31845],
					"position": [0, 0, 1]
				},
				"lowerLegLeft": {
					"rotation": [65, 0, 0]
				},
				"footLeft": {
					"rotation": [27.5, 0, 0]
				},
				"legRight": {
					"rotation": [-2.17539, -10.01806, -1.21764],
					"position": [0, 0, 1]
				},
				"lowerLegRight": {
					"rotation": [65, 0, 0]
				},
				"footRight": {
					"rotation": [7.5, 0, 0]
				},
				"AllBody": {
					"rotation": [0, -90, -115],
					"position": [-5, -7, 10]
				}
			}
		}
	}
}